Argentina,2018,0.9959259087358423
Germany,1994,0.9958221241220861
France,2002,0.9952153822115636
France,2006,0.994853797554948
Germany,2018,0.994730139554361
England,2014,0.9939725737158995
England,2018,0.9934189951221891
England,2006,0.9928543518229866
England,1998,0.9916688816179677
Brazil,1998,0.9910924033528723
England,2010,0.9910205346568357
England,1994,0.9904083614317396
Brazil,2006,0.9894975739530778
Germany,2006,0.9887644562698784
Uruguay,2014,0.987675963215753
Brazil,1994,0.9864645110481106
Spain,2014,0.9860132240900377
England,2002,0.9854913742176359
Argentina,1994,0.9850002315057472
Italy,2010,0.9841222044168647
Italy,1998,0.9825265429385797
Italy,1994,0.9799505042045272
Uruguay,2010,0.9797576015838636
France,2010,0.9784174034140484
Uruguay,2018,0.9738196347309341
Uruguay,1994,0.9721969623082347
Uruguay,2002,0.9700562117961549
Uruguay,2006,0.9654252534619268
Italy,2006,0.963461633080077
Italy,2002,0.9585286307352952
Uruguay,1998,0.9573590842880396
Brazil,2002,0.9490586865690335
Argentina,1998,0.9375599521014929
Argentina,2006,0.9371421809016403
Germany,2002,0.9350087310294495
Argentina,2014,0.9324921975155498
Argentina,2002,0.9243776088505907
Germany,1998,0.9243211595019661
Argentina,2010,0.9229420846218465
Germany,2014,0.9030905552784361
Germany,2010,0.8944081284201055
Belgium,2018,0.6601384048855785
Netherlands,2010,0.6573945194350507
Spain,2010,0.6572168054313317
Brazil,2018,0.6569219871886876
Portugal,2002,0.6562186314785551
Netherlands,2006,0.6560146226165396
Czech Republic,2006,0.6559721397059052
France,2018,0.6558438867996595
Brazil,2014,0.6556471609492754
Senegal,2018,0.6556262815604222
Saudi Arabia,1994,0.6553853892721776
Denmark,1998,0.6551202508294297
Poland,2018,0.6550907776045036
Portugal,2018,0.6549713434304978
Croatia,2010,0.6549511301421594
Iraq,1998,0.6546908063700795
Spain,2018,0.6544334890322386
Fiji,2002,0.6541591388563356
Denmark,2006,0.6541107726987225
Nigeria,2010,0.6538282053746308
Morocco,2006,0.6537636177173418
Egypt,2010,0.6536537581844041
Greece,2014,0.6536363395064252
Croatia,2018,0.6534751484943462
Croatia,1998,0.653463442552525
Spain,2002,0.6534406281846578
USA,2006,0.6532484799897438
France,1998,0.652921140092523
Portugal,2010,0.6527103341444179
Portugal,2006,0.6526778262005295
Japan,2010,0.6526564684734141
Russia,1998,0.6525588527304187
Spain,1998,0.6525464858331871
Switzerland,1994,0.6525395092270072
Egypt,2006,0.6524873047554005
Cameroon,2010,0.6524199060080764
Japan,2018,0.6524188099730047
Portugal,2014,0.6522489296370008
Vietnam,2018,0.6522080602804555
Egypt,2018,0.6521955040002549
Algeria,1994,0.6521785919381314
France,1994,0.6521061564590624
Egypt,2014,0.6520759234728263
Mexico,2018,0.6520522821563
Spain,2006,0.6520046737397386
Bulgaria,2010,0.6517922852013043
Nigeria,1994,0.6517754337532854
Nigeria,2006,0.6516866773845953
Uganda,2010,0.6516785474896496
Puerto Rico,2010,0.6516672296158824
Sweden,2002,0.6516415454011132
Croatia,2014,0.6514838827169592
Mexico,2006,0.6514714527079425
Russia,2014,0.6514128411322786
Romania,1998,0.6512643974196786
Cameroon,2002,0.6512517581124099
Netherlands,2002,0.6511100992995849
Senegal,2006,0.6510225085975881
Morocco,1998,0.6509918633020846
Norway,1994,0.6508555624111477
Rwanda,2002,0.6505896158697435
Burundi,1998,0.6505073389149129
Bahamas,2014,0.6505073389149129
Saudi Arabia,2010,0.6504764412138117
Switzerland,2018,0.6504748053634397
Australia,2006,0.650309221840141
Suriname,1994,0.6502235214210186
Italy,2018,0.6501380890493487
Portugal,1998,0.6501125224975103
Ethiopia,2002,0.6500148829425919
Romania,2010,0.6498605427091843
Sweden,2014,0.6498279888969625
Nigeria,2002,0.6498116790027036
Ghana,1994,0.6497013691283786
Uganda,2014,0.6493915652503188
Zambia,1994,0.6493752811645638
Croatia,1994,0.6493751440460647
Morocco,1994,0.6493562455453252
Tahiti,2018,0.6492636426864727
Australia,1998,0.6491752605277596
Czech Republic,2002,0.6491476506908772
Norway,1998,0.6491472867380297
Croatia,2006,0.6491401002001271
Czech Republic,1998,0.6490908574643216
Libya,2014,0.6490833289143764
Palestine,2018,0.6489599346611327
Iraq,1994,0.6489098796859083
Japan,1994,0.6487972636502284
Saudi Arabia,2002,0.6487425214447953
Slovakia,2018,0.648683198245209
Jamaica,1998,0.6485456346936569
Norway,2002,0.6482934055725645
New Caledonia,2010,0.6481931760310163
United Arab Emirates,2014,0.6480328807207273
Colombia,2014,0.6479883887883408
Korea Republic,2002,0.647973283395663
Kazakhstan,2002,0.6478876475323603
Mali,2010,0.6478834732221341
Denmark,1994,0.6478717209626826
Sweden,1998,0.6478480224943846
Turkmenistan,2014,0.6476700466751647
Fiji,1994,0.6476356184324871
Spain,1994,0.647608069358301
Slovakia,1994,0.6475714651215656
Cameroon,2006,0.6475637209752558
Czech Republic,2010,0.6474856678221497
Thailand,2010,0.6474507908978449
Greece,2006,0.6474458761076816
Russia,2002,0.647345206423704
Oman,2010,0.6472402561299243
South Africa,2014,0.6471959031885839
Ukraine,2010,0.6470676919837269
Netherlands,2014,0.6469558206821067
Australia,2010,0.6468865450750403
Japan,2006,0.646878335760641
Dominican Republic,2014,0.6468735934863941
Oman,2006,0.6468609851482852
Angola,1998,0.6468442261895792
Netherlands,1998,0.6468153100126515
Mexico,2014,0.646747698697384
Korea Republic,2010,0.6467188787305723
Tunisia,1998,0.646679242700865
Croatia,2002,0.6465982463277771
Ukraine,2018,0.6465904671521272
Greece,1994,0.6465100212823213
Belgium,2014,0.6461113034883427
Saudi Arabia,2006,0.6460699880892654
Morocco,2018,0.6457829763775177
Fiji,2006,0.6456969691459393
Mexico,1994,0.6455914851198625
Tunisia,2002,0.6455543948433023
Nigeria,2014,0.6455526739844468
Algeria,2018,0.6455214963785648
Zimbabwe,1994,0.6455166181311294
Poland,2006,0.6453412971487319
Zambia,1998,0.6453255698297059
Tahiti,1998,0.6452949671483185
Kuwait,2014,0.6452396470245304
Korea Republic,1994,0.6452284052413153
Australia,2014,0.6451416333083363
Portugal,1994,0.6451058933329004
Brazil,2010,0.6449708342928917
Zimbabwe,2018,0.6449522142415565
Honduras,2010,0.6447044992704599
Honduras,2002,0.6446786899674095
Romania,2002,0.6444377280513716
Switzerland,2014,0.6444366659566597
Bermuda,2014,0.6444104909040839
India,2018,0.6443901849501252
Panama,2014,0.6443771856004394
Korea Republic,1998,0.6443265174504202
Russia,1994,0.6442509668931945
Vietnam,2002,0.6442447464047463
Afghanistan,2014,0.6441744158243852
Bangladesh,2006,0.6441683931551151
Morocco,2010,0.6440809601781373
Netherlands,1994,0.6438632777036233
Russia,2010,0.6436018493293519
Madagascar,1994,0.6434286925086509
Colombia,2018,0.6432003642642712
Korea Republic,2018,0.6431287122457743
Japan,1998,0.6431233513523946
Turkey,2006,0.643114573010122
Japan,2014,0.6429845487164361
Bulgaria,1998,0.6428288539059672
Zimbabwe,2002,0.642825311324279
Morocco,2002,0.6428082569539126
Denmark,2010,0.6426076065837717
Mali,2006,0.6425040773541583
Tunisia,2018,0.6424286343115372
Thailand,1998,0.6424165452621342
Austria,2018,0.6423514587980568
Romania,2006,0.6422716286081136
Syria,2018,0.6422505649253136
Israel,2010,0.6421303845756131
Jordan,2006,0.6417821964572888
South Africa,2018,0.6416754500744101
Israel,2006,0.6416741894403878
South Africa,2002,0.6416579124393532
USA,2018,0.6416445961706189
Nigeria,2018,0.641599110003016
USA,2010,0.6412791400178771
Turkey,2010,0.64109788034904
Ghana,2014,0.6408736180544982
Tunisia,1994,0.6407158925496751
Australia,2002,0.6405205073353638
Barbados,1994,0.6404364353025539
France,2014,0.640295326263995
Tunisia,2010,0.6402511213570297
Costa Rica,2002,0.640239504210775
Cook Islands,2018,0.6401984325320155
Fiji,1998,0.6401927102523428
Italy,2014,0.639934133944117
Austria,1998,0.6397843778734621
Romania,1994,0.639608107630509
Ukraine,2014,0.6394666714980856
Serbia,2010,0.6394349056345205
Ukraine,2002,0.6394312714247937
Turkey,2018,0.6393932014326695
USA,2014,0.6392946870385661
Vanuatu,2014,0.6391588482553128
Iraq,2002,0.6390547608551695
Honduras,1994,0.6388232778313707
Ghana,2002,0.6386956226348323
Zambia,2006,0.6386822354259766
Paraguay,1998,0.6386585236473099
Norway,2006,0.6385899405972337
Cameroon,2018,0.638572724488449
Greece,2010,0.6385572995460992
Mexico,2010,0.6383688346961629
Zimbabwe,2006,0.6383392340715812
Qatar,2002,0.6383166803698247
Chile,2010,0.6382730417877704
Scotland,1998,0.6382497694300292
Senegal,2002,0.6380458937271772
Togo,2006,0.6380361643421577
Solomon Islands,1998,0.6380072915304545
Colombia,1994,0.6377024940246505
Switzerland,2010,0.6376551762527801
Kuwait,2002,0.6375324591649856
Egypt,2002,0.6374710100955105
Jamaica,2010,0.6373481580554541
Cuba,1998,0.6372919548408071
Wales,2018,0.637284695983197
Netherlands,2018,0.6372287004512177
Vanuatu,2018,0.6371579402842976
Jordan,2014,0.6370929822332203
Sweden,2006,0.6370092409678502
Turkey,1998,0.6368002168341751
Poland,2002,0.6367138549746879
Indonesia,2002,0.6364494335421255
Chile,2014,0.6361675921279929
Cameroon,1994,0.6361633208096782
Uzbekistan,2006,0.6361160373053799
Solomon Islands,2010,0.6361147667670978
Ghana,2018,0.6360743623506512
Gabon,2010,0.6360728357958932
Tunisia,2006,0.6358634401285536
Korea Republic,2014,0.6358517916483367
Benin,2018,0.6357732714147387
Saudi Arabia,1998,0.6355192092576145
Senegal,2010,0.6354441711330767
Switzerland,2006,0.6354353071739983
United Arab Emirates,2018,0.6353778718086047
Algeria,2010,0.6352551832055812
Philippines,2014,0.6352427120898226
Mozambique,1998,0.6351560693385634
Egypt,1998,0.6350692413226731
Jamaica,2006,0.6350248145295222
Hungary,2014,0.6347039460508572
Congo DR,2018,0.6346084329702666
Tunisia,2014,0.6346066889655182
Madagascar,2018,0.6343656476875754
Mexico,2002,0.6342285514866579
USA,2002,0.6340578612284391
Lebanon,1998,0.6338138675584715
Northern Ireland,2018,0.6337277341371513
Chile,2018,0.6336291918797422
Trinidad and Tobago,2002,0.633593533496269
Colombia,2002,0.6335832603816801
Colombia,1998,0.6335756708060716
Scotland,2018,0.6335452568661392
Korea DPR,2010,0.633373343915777
Romania,2018,0.6330711568858427
Thailand,2002,0.6326590671153279
Suriname,2014,0.6325642082232233
Cuba,2006,0.6323426123054902
Angola,2002,0.6322026101497465
Poland,2014,0.6322021515150555
Sweden,2018,0.6322013294917919
New Caledonia,2006,0.6321972299269718
Fiji,2010,0.6320928613340082
Fiji,2014,0.6319419059822989
Philippines,1994,0.6318188435123737
Greece,2002,0.6317122336033156
Sweden,1994,0.6316951233226232
Bulgaria,2006,0.6315576451644326
Lebanon,2018,0.6315478069096245
Syria,2010,0.6315182887475239
Indonesia,2018,0.6314360695361241
Saudi Arabia,2018,0.6312871766332482
Tajikistan,2002,0.6312173998089816
South Africa,1998,0.6312107135208913
United Arab Emirates,1998,0.6310737896734583
Zambia,2018,0.6307769257626411
Denmark,2018,0.6305274542225103
Angola,2006,0.6304341091996407
Burundi,1994,0.6302077739632808
Qatar,2018,0.6301742310081646
Peru,2018,0.6300501895725872
Tahiti,1994,0.6299447177220018
Dominica,1998,0.6296527473669817
Uganda,2018,0.6291870971687021
Belgium,2006,0.6291798271654226
Jordan,1994,0.629087578332264
Slovenia,2002,0.6288440363958966
Korea Republic,2006,0.6286306470191219
Korea DPR,1994,0.6285542357997035
Yugoslavia,1994,0.6285460746379486
Belgium,2002,0.6285352620135499
Bahrain,1994,0.6283025634464267
Maldives,2010,0.6281189384830111
Cuba,1994,0.6280430646742474
Australia,2018,0.6279500933924002
Hungary,2002,0.6279449557829768
Kuwait,1994,0.6279033042529943
Haiti,2002,0.6278329263255643
Costa Rica,2010,0.6278205121736091
Belgium,1994,0.6277810610889564
Oman,2014,0.6277550424241085
Colombia,2010,0.6275790801121247
Sierra Leone,2006,0.6275235663641604
Mozambique,2006,0.6273255191587402
Zambia,2014,0.6270165507911928
Australia,1994,0.6268495901547569
Ecuador,1998,0.6268159150724588
Guyana,2010,0.6268061412729208
Jamaica,1994,0.626669689985387
Tanzania,2010,0.6265793176245145
Russia,2018,0.626506159891274
Iceland,2002,0.6263556733933199
Zambia,2010,0.6263489452072918
Canada,2002,0.626240518890468
Uzbekistan,2018,0.626194902601696
Denmark,2002,0.6261676810432312
Kuwait,1998,0.6257913839977431
Gabon,1998,0.6257805733720486
Gabon,2002,0.6255650051097158
Cameroon,2014,0.6255144484575363
Czech Republic,2014,0.6254397094560376
Cuba,2002,0.6254055706732543
Guinea,2014,0.6253664871985711
Iraq,2006,0.6253254378644548
Turkey,2014,0.6252559640086655
South Africa,2006,0.6251006185892829
Thailand,2018,0.6250895168375019
Scotland,2002,0.6250327238756921
Paraguay,2006,0.6249181839319985
Angola,2014,0.6247991470272659
Korea DPR,2014,0.6245388477257456
Bahrain,2018,0.6243285861252253
Ghana,2010,0.6242805496710019
Solomon Islands,2002,0.6241357380000021
Sierra Leone,1994,0.6240737599466508
Uganda,1998,0.6239376125317798
Bahrain,2010,0.6228547019685802
Belgium,1998,0.6227370524929553
Libya,2006,0.622695932239637
Morocco,2014,0.6224287567084805
Iceland,2018,0.6222467126385827
Tahiti,2002,0.6220877541405903
Grenada,1998,0.6220681491496983
Oman,2018,0.6220480087104475
Zambia,2002,0.6219966701101567
Uzbekistan,2014,0.6219847598989465
Botswana,2014,0.6218633073084715
New Caledonia,2018,0.621770429399895
Costa Rica,2018,0.6214985419360738
Russia,2006,0.6214450350985552
Israel,2002,0.6214359609831414
Czech Republic,2018,0.6214095129945206
Serbia,2018,0.6213544015750385
Turkey,2002,0.6209450566409188
New Caledonia,2014,0.6209238357058213
Solomon Islands,2006,0.6208874870906204
Uzbekistan,2002,0.6206881714384948
Japan,2002,0.620621040331496
Suriname,2006,0.6205623716385033
Kenya,2006,0.620512627633044
Guinea,2002,0.6200867769185852
Poland,2010,0.6197637433121673
Mexico,1998,0.6196995443407365
United Arab Emirates,2002,0.6196188003017282
Ecuador,2014,0.6194012582842549
Qatar,1994,0.6193529476619278
Scotland,1994,0.6191420338411788
Yemen,1994,0.6188340196099238
Malawi,1994,0.6186287317453613
Congo DR,2002,0.6182284056399516
Haiti,1998,0.6181507745187587
Guinea,2006,0.6179983987140724
Guatemala,1998,0.6179590244770473
Syria,2002,0.6177003414629291
Ghana,2006,0.6176874924216263
Chile,1998,0.6174974898182611
Egypt,1994,0.6167925610354339
Congo DR,2006,0.6167905201546129
Mauritania,2014,0.6166575095672783
Algeria,1998,0.6164797314337992
Curaçao,2018,0.616117161498531
Ukraine,2006,0.6160171580384484
Gabon,2014,0.6156949786566479
USA,1998,0.6156511382029478
Papua New Guinea,2006,0.6154168381416587
New Zealand,2014,0.6153706281342253
Congo,2010,0.6153508277156268
Kenya,1994,0.615164211787275
Tajikistan,2014,0.6150609319574222
Malaysia,1998,0.6148954954841122
Tajikistan,1998,0.6148713870847736
Ethiopia,2006,0.6148072099012266
Burkina Faso,2018,0.6146590465937001
Bermuda,2002,0.6143062218620897
Paraguay,2002,0.6142799876984526
Sudan,1998,0.6140051545212476
Suriname,2018,0.6138829913059023
Montenegro,2014,0.6138761039263079
Bahrain,2006,0.6137381986076664
Nigeria,1998,0.61323403517415
Romania,2014,0.6131924972400494
Cuba,2010,0.6130704239342488
Finland,2002,0.61290709120254
Peru,2014,0.6128501958259657
Wales,1994,0.6128091914288277
Qatar,2006,0.6128013964098207
Belarus,2006,0.612735431361257
Hong Kong,2018,0.6127050743076058
Slovakia,1998,0.612307568792236
Montenegro,2010,0.6122930142834503
Mali,2018,0.6121848487898351
Kenya,2018,0.6120857980618053
Hungary,2018,0.6117313036921413
India,2010,0.6117091042459183
Bermuda,1994,0.6116176739579856
Kuwait,2006,0.611405477556434
Slovakia,2002,0.6113071704395103
Slovakia,2006,0.6110443698442077
Vietnam,2006,0.6107429926375332
Trinidad and Tobago,2014,0.6102043991852324
Korea DPR,2018,0.6100711446698468
Burundi,2018,0.6099510781435628
Scotland,2014,0.609833563009575
Costa Rica,2014,0.609532527409025
Algeria,2014,0.609453698753765
Norway,2010,0.6094002864176038
Bulgaria,1994,0.6093255802200054
Uzbekistan,2010,0.6092983858821736
Mali,2002,0.6092931180170084
Panama,2018,0.6091461203815118
Jordan,2018,0.6091454365216653
Trinidad and Tobago,1998,0.6088931838286814
Uganda,1994,0.608825469419414
Belarus,2014,0.6086116681891742
New Zealand,2002,0.608365699726641
Poland,1994,0.6082389003307325
Iraq,2014,0.6082290267858205
Thailand,2014,0.6081731725161444
Slovenia,2014,0.6080387371379203
Paraguay,2014,0.6078584701387547
Greece,1998,0.6077877460402908
Qatar,2010,0.6077168333177702
Iraq,2018,0.6072832740355962
Barbados,2010,0.6071676271113063
Norway,2014,0.6071301574333985
Mozambique,2010,0.607018777838127
Costa Rica,2006,0.6065442005531351
Guinea,2010,0.606378995622996
Trinidad and Tobago,2010,0.6061096386062387
Uganda,2002,0.6060575540228964
Venezuela,2010,0.6060052305749147
Burkina Faso,1994,0.6059559387328629
Senegal,2014,0.6058152700421892
Guyana,2002,0.6055841222741013
Libya,1998,0.6054496154939059
Guinea,1998,0.6053496107869983
Poland,1998,0.6052779642261704
Angola,2010,0.6049777933576034
Denmark,2014,0.6049243033009755
Honduras,2006,0.6049198293719953
Suriname,2002,0.6047143150296717
Lebanon,2002,0.6043710092131257
Vanuatu,2006,0.6043471632371294
Guinea,2018,0.6042846538081259
Iraq,2010,0.603990637344142
Aruba,2018,0.6039700964030605
Gambia,2010,0.6039700964030604
Philippines,2018,0.6036491127054738
United Arab Emirates,1994,0.6027385071858717
Sweden,2010,0.6025215500867196
Indonesia,2006,0.6022946723187826
Montserrat,2018,0.6022381875915667
Tonga,2014,0.6022381875915667
Lebanon,1994,0.6022381875915666
Qatar,2014,0.6020017321828911
Haiti,2014,0.601967508705943
Vietnam,2010,0.6019672707012736
Swaziland,2018,0.6017586574622525
Qatar,1998,0.6017165208543437
Finland,2006,0.6015642593086798
Guinea-Bissau,2010,0.6013539025150754
Wales,2010,0.6012998371929092
Indonesia,2010,0.601259893798722
Kenya,1998,0.6011345516443327
Costa Rica,1998,0.6010835923379669
Congo DR,2014,0.6008841607858691
Northern Ireland,1994,0.6006482473985751
Tahiti,2006,0.6001967196763413
Kenya,2002,0.5999576218326237
India,2002,0.5996882063427604
Jordan,2002,0.599513964135293
Chile,1994,0.599503922470834
Ecuador,2018,0.5993240451540238
Angola,1994,0.5992779867322803
Ecuador,2002,0.5992698465150859
Burkina Faso,2014,0.599240858392832
Trinidad and Tobago,2006,0.5990056191154001
Tajikistan,2010,0.5989044598348296
Yemen,2002,0.5987873475644651
Guatemala,2002,0.5987353125109124
Uganda,2006,0.5987339563226394
Colombia,2006,0.5985217613315489
Estonia,2018,0.598024182628866
Saudi Arabia,2014,0.5978687106462491
Northern Ireland,2010,0.5978089502330542
Hungary,1994,0.5976535449041088
Namibia,2018,0.5974548784701205
Barbados,2006,0.5968861337848155
Antigua and Barbuda,2010,0.5964945815001119
Trinidad and Tobago,1994,0.596308798089249
Slovakia,2010,0.5962984842267983
Hong Kong,2010,0.5958841075985158
Finland,2014,0.5958702833007299
Algeria,2002,0.5958416296559532
Scotland,2010,0.595524163486225
Switzerland,2002,0.5953310004035145
Vanuatu,2010,0.5952673135256615
Wales,2006,0.5948258947089877
Serbia,2014,0.5947509962804414
Singapore,2006,0.5947342851618611
Dominican Republic,2002,0.5946355550713287
Ukraine,1998,0.5942830213296905
Lithuania,1998,0.5936026981127529
Austria,2006,0.5935345706089443
Fiji,2018,0.5933396056408238
Haiti,2006,0.5930484366950842
Panama,1998,0.592982148331079
Canada,2018,0.5929785626124529
Burundi,2014,0.5929480077170762
Guatemala,2006,0.592914158607488
Haiti,2010,0.5928714624340474
Suriname,2010,0.5927689508341184
Singapore,2010,0.5927626143215882
Switzerland,1998,0.5927133632709272
Oman,1998,0.5926446276973124
Malawi,2014,0.5925883766126426
Malaysia,2002,0.5911646137449079
Austria,2002,0.5910431384131932
Zimbabwe,2014,0.5909393442299608
Algeria,2006,0.5908876124290375
Bulgaria,2002,0.5908849750020403
Turkmenistan,2002,0.5908497280051415
Canada,2010,0.5905794947442821
Maldives,2014,0.5901942271210552
Senegal,1994,0.5900987399891165
Solomon Islands,1994,0.589879497601178
Sierra Leone,1998,0.5897937794493624
Rwanda,2018,0.5894979820633323
Oman,2002,0.5893912386034609
Ethiopia,2010,0.5893087863659616
Syria,2006,0.5891687493192441
Canada,1994,0.5886747829723415
Albania,2018,0.5886020666561607
Serbia,2006,0.5884421157644084
South Africa,2010,0.5879562463843125
Albania,2014,0.5874958824523644
Honduras,2014,0.5872477991792472
Haiti,2018,0.5870563398672102
Lithuania,2010,0.5869276322375886
Burundi,2002,0.5868336798448921
Botswana,2010,0.5868254570204694
Ecuador,2006,0.5866609445537657
Guinea,1994,0.5864707717003883
Peru,1998,0.5864195147786232
Ecuador,1994,0.5860564198528652
Jamaica,2014,0.5855775416500543
Bermuda,2010,0.5855511872247047
Korea DPR,2006,0.585537106472218
United Arab Emirates,2006,0.5850238330391355
Congo,1994,0.5847594285081056
Turkmenistan,2006,0.584314666075425
Palestine,2014,0.5842340419317296
Tajikistan,2006,0.5839501550446471
Sudan,2010,0.5839461492716072
Congo,1998,0.5836731924810422
Hong Kong,2006,0.5835631235891954
Burkina Faso,2002,0.5829167626142107
Samoa,2010,0.5824424211014558
Sudan,2006,0.5823847698574963
Chile,2006,0.5820436857064658
Thailand,2006,0.581853861484029
Bolivia,1998,0.5816686703909304
Barbados,1998,0.5814979805308885
Dominican Republic,2018,0.5809976480779612
Austria,2014,0.5809858539502394
New Zealand,1994,0.5809181975911595
Singapore,1994,0.5808768430083638
Sudan,2014,0.5807799276810172
Cameroon,1998,0.5805625923954818
Singapore,2002,0.579969432126154
Senegal,1998,0.5798724446553194
Peru,2006,0.5795363340912237
Bahrain,2014,0.5791561026007316
Panama,2010,0.578908054206746
Burkina Faso,2010,0.5785570464364392
Liberia,2002,0.5785187530392266
Finland,2010,0.5783402696341818
Bermuda,2018,0.5777191939789872
Antigua and Barbuda,2018,0.5777191939789871
Slovakia,2014,0.577691807696156
Rwanda,2010,0.5776353443685672
El Salvador,2014,0.5776170990617505
India,2006,0.5775123284280954
Namibia,2014,0.5772035065479714
Tajikistan,2018,0.5769339294501681
Thailand,1994,0.5761391172870699
Mali,1994,0.5761041785974503
Cyprus,2002,0.5759037758608856
Zimbabwe,2010,0.5756797126537997
Malawi,2010,0.575119176971411
Togo,1998,0.5750740189260632
Bahrain,2002,0.5749919248159727
Puerto Rico,1994,0.5746745052927
Paraguay,2010,0.5746568901598844
Nepal,2010,0.5745723167492691
Honduras,1998,0.5745579867086521
Kuwait,2010,0.5744654582140858
Uzbekistan,1998,0.5741853151736125
Sri Lanka,2010,0.5738026124989538
Singapore,1998,0.573718680564542
USA,1994,0.5735629671340358
Latvia,2006,0.5732218178220232
Gabon,2006,0.573164239768997
Mozambique,1994,0.5728719798038864
Papua New Guinea,2014,0.572763352362287
Syria,1994,0.5726487914363663
Iceland,1998,0.5725154648376743
Chad,2002,0.5722229124340664
Congo DR,2010,0.5722229124340664
New Zealand,2006,0.571857343372949
Malawi,2018,0.5714573355976168
Namibia,1998,0.5711930020465565
Venezuela,2014,0.5711416333301016
Honduras,2018,0.5706063738915834
Rwanda,2006,0.5704450123034979
Greece,2018,0.5703974757913001
Samoa,1998,0.5703620015731191
Armenia,2014,0.5702194829440572
Jordan,2010,0.5701220976962649
Costa Rica,1994,0.5696902878499006
Israel,1998,0.5694022511543146
Israel,2014,0.569382142227333
Botswana,2002,0.5693609054455137
New Zealand,2018,0.5690859723604235
Philippines,2010,0.5687682446160175
Libya,2010,0.568766238603638
Hungary,2010,0.5683594434352569
Grenada,2002,0.5682435387382255
Afghanistan,2018,0.5681763500481648
Solomon Islands,2018,0.5678109464148947
Tahiti,2014,0.5675244855149559
Antigua and Barbuda,2014,0.5673808964318156
Jamaica,2002,0.5667074387029745
Hungary,2006,0.5667051023330142
Georgia,2002,0.5664188552753299
Yemen,1998,0.5663961009699234
Solomon Islands,2014,0.5660264997759229
Guatemala,2014,0.5656880188896848
Mali,2014,0.5655223640162126
Ethiopia,2014,0.5649544622897265
Congo,2002,0.5649234698227555
Gabon,1994,0.5647483058831441
Mali,1998,0.5641335825538627
Ukraine,1994,0.5641069790605922
Slovenia,2010,0.564010031709074
Slovenia,2018,0.5636579933705287
Puerto Rico,2014,0.5635872880700259
Chile,2002,0.5630675532894411
Iceland,1994,0.5618861865792428
Ghana,1998,0.5607911521657633
Gambia,1994,0.560677488490011
Paraguay,1994,0.5606148113330823
Congo,2014,0.5603931886935273
Congo,2006,0.5599896208208907
Gabon,2018,0.5596118957452322
Barbados,2002,0.5594941827768825
Slovenia,1998,0.5592452965213709
South Africa,1994,0.558611298407705
New Zealand,2010,0.5585673282818396
Dominican Republic,1994,0.5578516035752236
United Arab Emirates,2010,0.5574562460752718
Kenya,2014,0.5574317650821355
Indonesia,2014,0.5565667845183639
Guyana,2006,0.556293641433768
Congo,2018,0.5561959449426322
Panama,2002,0.5551293281960512
Malawi,2006,0.5542547292429686
Malaysia,2014,0.5542065198243575
Mozambique,2018,0.5539841948217613
Grenada,2006,0.5532565899910713
Tanzania,2014,0.5532262252632683
Bulgaria,2018,0.5526722719333076
Sierra Leone,2014,0.5516989308616247
Georgia,2014,0.5515792484074518
Togo,2002,0.5512189331686443
Guyana,2018,0.5511794898286082
Venezuela,2006,0.5508307142205817
Syria,2014,0.5507784011540884
Zimbabwe,1998,0.550636920812364
American Samoa,2018,0.5498475727010167
Liberia,1998,0.5491954603320894
Guatemala,1994,0.5489743392601991
Bolivia,1994,0.5488492581174116
Botswana,2006,0.548845947175659
Georgia,1998,0.5487919547545386
Belgium,2010,0.5483730014344818
Benin,2010,0.5479502061493603
Belarus,2010,0.5479471151453563
Eritrea,2010,0.5472481013949207
Mauritius,2006,0.5472172677815561
El Salvador,1994,0.5471653335951538
Pakistan,2006,0.5464952059200925
Canada,2014,0.5460860846867104
Mozambique,2014,0.5458625766464648
Syria,1998,0.5458529523063724
Kenya,2010,0.545458133526472
Latvia,2010,0.5446251847467966
Papua New Guinea,1998,0.5444206912686801
Malawi,1998,0.544020297222007
Norway,2018,0.5430068700690901
Equatorial Guinea,2018,0.5425059604461882
Albania,2010,0.5424466141539689
Guyana,2014,0.5421558833287418
Suriname,1998,0.5417377323794356
Indonesia,1998,0.5411188834254289
Antigua and Barbuda,1994,0.5409097473920126
Mongolia,2010,0.5408381754974994
Tonga,1998,0.539507021437961
Singapore,2014,0.5392113309827565
Slovenia,2006,0.5382502633880057
Iceland,2014,0.537707124584532
Tanzania,1998,0.5372931028996464
Mongolia,2018,0.5370985946164971
Maldives,2006,0.5367437550339237
Malaysia,2010,0.5364402470765921
Turkmenistan,2010,0.5361377910237588
Azerbaijan,2014,0.5358268029007685
Tanzania,2018,0.5355499757934803
Estonia,2006,0.5353072317992699
India,1998,0.5342561896646251
Albania,2002,0.5339125206660225
Equatorial Guinea,2010,0.5324582550350275
Kazakhstan,1998,0.5322943538194597
Burkina Faso,2006,0.5322108067469928
India,2014,0.5317531263339605
Libya,2018,0.531514566239074
Liberia,2014,0.5309539805539177
Montenegro,2018,0.5304280424442877
Macau,2018,0.5304050834869384
Madagascar,2010,0.5302458691058528
Barbados,2018,0.5300037716375785
Latvia,1998,0.5294306435681435
Grenada,2010,0.5293959698535823
Barbados,2014,0.5286294321653557
Swaziland,2002,0.5282165847975255
Peru,2002,0.5280340081501594
Botswana,2018,0.5279742988404829
El Salvador,2010,0.5277125597017126
Vietnam,2014,0.5276346383097966
Central African Republic,2002,0.527598129076433
Austria,1994,0.5274326818074925
Niger,2018,0.5270764372987856
Chad,2006,0.5265889570415303
Dominica,2018,0.5264650891048159
Georgia,2018,0.5259724155505785
El Salvador,2018,0.5248198143743164
Trinidad and Tobago,2018,0.5244856476978064
Canada,2006,0.5241254929455711
Guinea-Bissau,2002,0.5238525578784603
Sierra Leone,2018,0.5237696990813019
El Salvador,1998,0.5234899150316513
Grenada,2018,0.5232514877305839
Ecuador,2010,0.5230887669873732
Israel,2018,0.5228235580423942
Albania,2006,0.5227328263114673
Bulgaria,2014,0.5224159972744461
Belarus,2018,0.5223576978494854
Angola,2018,0.5222397099256884
Cook Islands,2010,0.5221704578583224
Belarus,2002,0.5217459524996926
Togo,2018,0.5213407083076657
Cuba,2014,0.5212025259118993
Jordan,1998,0.521193416852106
Kuwait,2018,0.5210451193679569
Tanzania,2002,0.5209377488820401
Northern Ireland,1998,0.5207710697183985
Sri Lanka,1998,0.5206574652145766
Madagascar,2002,0.520650926782459
Antigua and Barbuda,2002,0.52029090290278
Finland,2018,0.519946900167477
Canada,1998,0.5199272070337745
Finland,1998,0.5198919582482804
Malaysia,2006,0.5197436486122332
Sudan,1994,0.519665203843746
Malaysia,1994,0.5192102702348389
Liberia,2018,0.5188604701249893
Nepal,2014,0.5179042097064022
Scotland,2006,0.5165062074193636
Estonia,2014,0.5153187497479439
Equatorial Guinea,2014,0.5145671499244053
Turkmenistan,2018,0.5142699516711853
Turkmenistan,1998,0.5139536052707688
Malaysia,2018,0.5134326330173137
Yemen,2010,0.5128488497717203
Bermuda,2006,0.5113246629737106
Mauritania,2018,0.5111410661640525
Lithuania,1994,0.5104064704399934
Namibia,2010,0.5102974357814481
Guatemala,2010,0.5093934587971212
Lesotho,1994,0.5093078250704686
Sudan,2002,0.5089444076108128
Gambia,1998,0.5083673232062712
Swaziland,2006,0.5082486092354969
Rwanda,2014,0.508194449444726
Cyprus,2010,0.5081564799073809
Guinea-Bissau,2018,0.5080842491868383
Mauritius,2002,0.5078436546131649
Burundi,2010,0.5077477823831977
Hong Kong,1998,0.5072969888505681
Gambia,2018,0.5069298159526768
Estonia,2002,0.5060736954288181
Dominican Republic,2006,0.5057617373942123
Bangladesh,2014,0.5055287784112749
Tanzania,1994,0.5050155359491946
Northern Ireland,2002,0.504582701653404
Jamaica,2018,0.5041096449367649
Ethiopia,2018,0.5030566771732711
Samoa,2006,0.5020471097908057
Iceland,2010,0.5019930392670734
Guinea-Bissau,1994,0.5010609356265645
Dominican Republic,1998,0.4995754727920395
Panama,2006,0.4985918638586028
Niger,2006,0.4984760904586408
Central African Republic,2014,0.49828059658809004
Moldova,2010,0.4979055687672004
Finland,1994,0.4966823246124038
Haiti,1994,0.49594255702355017
Mauritania,1998,0.4954960984428125
Central African Republic,2018,0.4954763348223179
Benin,2014,0.4953706768279454
Tonga,2002,0.4945849952742355
Togo,2010,0.4933970264738984
Cyprus,1998,0.4932193303175586
Samoa,2002,0.4914743627489393
Paraguay,2018,0.4914452629027041
Wales,2002,0.48938178717715825
Bangladesh,2002,0.4884412115380495
Grenada,1994,0.4876533609200345
Aruba,2014,0.48753635044523164
Hong Kong,2002,0.48742330153199925
Austria,2010,0.4871203713874594
Vietnam,1998,0.4866964606415712
Moldova,2014,0.48654158040436923
Hong Kong,1994,0.4838364433243333
Turks and Caicos Islands,2010,0.48370987481378697
Belarus,1994,0.4818136662618815
Chad,1998,0.4818136662618815
Israel,1994,0.48168289338773385
El Salvador,2002,0.481589907516712
Dominica,2014,0.48044914491936147
Peru,2010,0.4804041474090567
Sri Lanka,2006,0.4796868820391206
Guam,2014,0.47924914785118744
Wales,2014,0.47799403875744134
Cyprus,2006,0.47771587767561724
Bermuda,1998,0.4770370854188273
Laos,1998,0.4770370854188273
Libya,2002,0.4770370854188272
Lesotho,2018,0.47633283119220066
Singapore,2018,0.4762879449962576
Antigua and Barbuda,2006,0.4755952456386572
Antigua and Barbuda,1998,0.4751055584327028
Cayman Islands,2002,0.4746223908566558
Swaziland,2010,0.47258472071392293
Comoros,2018,0.4721432486444312
Palestine,2010,0.47210807814053546
Latvia,2018,0.4720200344273602
Niger,1998,0.47069934335827235
Venezuela,2018,0.46944454652258405
Lebanon,2010,0.4692234534040365
Peru,1994,0.4692015457522894
Cayman Islands,1998,0.4690732460600035
Laos,2014,0.4684989297891464
British Virgin Islands,2002,0.4684442415786174
Hungary,1998,0.468336268861429
Korea DPR,2002,0.46799098163563513
Niger,1994,0.46787164607565346
Armenia,2002,0.4674365904843761
Chad,2018,0.4672233814710733
Swaziland,1994,0.4655343262326868
Benin,2002,0.4651455439085943
Burkina Faso,1998,0.4648500226197071
Lithuania,2006,0.46290682431771263
British Virgin Islands,2010,0.46261862937022347
Latvia,2002,0.4621295314262223
Malawi,2002,0.4607305874074984
Gambia,2006,0.45913264972798395
Vanuatu,2002,0.45860534314943285
Niger,2002,0.4584632893733251
Iceland,2006,0.4582624435454492
Lebanon,2006,0.4575277035574838
Bolivia,2002,0.457241765555247
Namibia,2002,0.45690287685613235
Bahrain,1998,0.45639027134812343
Lesotho,2010,0.45512163617062135
Niger,2014,0.4542228310706486
Lesotho,2002,0.454060043499811
Wales,1998,0.4533434636734226
Maldives,2018,0.4531800228514123
Nepal,2018,0.45268419383611386
Azerbaijan,2018,0.45261764253605874
Guyana,1994,0.4525702742463704
Benin,2006,0.4520741118409884
Nicaragua,2014,0.4520135850691527
Curaçao,2014,0.45172842443041095
Guam,2018,0.45161698370355097
Chad,2010,0.4514744424366555
Bolivia,2010,0.451048423870897
Yemen,2018,0.45092243285376177
Lesotho,2006,0.4487179316724502
Guam,2002,0.44863365879934725
Belize,2002,0.44856542252717224
Slovenia,1994,0.4483459770194817
Cambodia,2018,0.44830939315884344
Lesotho,2014,0.4477384203958125
Armenia,2006,0.445980718444014
Armenia,2018,0.44581068663355616
Estonia,2010,0.44580126924331076
Togo,2014,0.4450907263887162
New Zealand,1998,0.4443311929991054
Togo,1994,0.44378397931997643
Cyprus,2018,0.44357904995346215
Ethiopia,1998,0.44267655868336603
Guatemala,2018,0.4424921540381499
Lebanon,2014,0.4422942494679842
Mongolia,2014,0.44144773213598437
Kazakhstan,2010,0.4407069692750951
Turkey,1994,0.4396639918833801
Hong Kong,2014,0.4372867589870614
Bangladesh,2010,0.4361894806014673
Nicaragua,2018,0.43451113459253615
Georgia,2006,0.4344030772995683
Lithuania,2002,0.4343529166578794
Laos,2010,0.43433633110300834
Latvia,1994,0.43368315857181144
Belize,2014,0.4320573709910853
Latvia,2014,0.43187459151881225
Liberia,2010,0.43173587195190366
Bolivia,2018,0.4315502289540434
Pakistan,2014,0.4307621032983761
Georgia,2010,0.42994500990135365
Moldova,2002,0.42810127206125276
Lesotho,1998,0.4277410978777859
Faroe Islands,2018,0.42737299930683664
Lithuania,2014,0.425887053899133
Burundi,2006,0.423872644293041
Vanuatu,1998,0.4235447686932132
Belize,2006,0.4231138056218508
Guinea-Bissau,2014,0.42267380564313234
Mozambique,2002,0.42255175105743104
Nicaragua,2006,0.4218126810960258
Kazakhstan,2018,0.4191024705437608
Grenada,2014,0.41906980899579255
Tanzania,2006,0.41905117580173934
Aruba,2002,0.41795346292120833
Venezuela,2002,0.41736709423220303
Palestine,2002,0.4172441631865081
Dominica,2002,0.416457753299301
Moldova,2006,0.4159401956989531
Ethiopia,1994,0.41505986696698216
Bolivia,2014,0.41485233030748014
Pakistan,2010,0.4135822661492259
Gambia,2014,0.412242856922993
Papua New Guinea,2018,0.4103265323719473
Kazakhstan,2014,0.41004677236471354
Madagascar,2006,0.4092934283491083
Azerbaijan,2010,0.40811824817540643
Gambia,2002,0.4078054044602212
Mongolia,2006,0.407153171506483
Armenia,2010,0.4053984361583066
Sri Lanka,2002,0.4053109024672449
Kosovo,2018,0.40503359389002147
Laos,2018,0.4046363296377967
El Salvador,2006,0.4046123361296083
Vanuatu,1994,0.4025118657362672
Bahamas,2010,0.401924106451734
South Sudan,2018,0.3995734412017205
Northern Ireland,2006,0.3981138975387848
Benin,1998,0.3961118743039233
Equatorial Guinea,2006,0.396092371745517
Tonga,2010,0.3950040174038751
Puerto Rico,2018,0.394770637151445
Turks and Caicos Islands,2018,0.3945930584662982
Guam,2010,0.3944179128236572
Bolivia,2006,0.39430301792149297
Sierra Leone,2002,0.3928144128733361
Tonga,2006,0.39232268248220564
Samoa,2018,0.3907972040671926
Cyprus,1994,0.38974316046463797
Cambodia,2010,0.38817966827322803
Nepal,2002,0.38745337457832196
Guinea-Bissau,1998,0.3861558191021152
Dominica,2006,0.3851159547703066
Mauritius,1994,0.38177140903886436
Seychelles,2010,0.3814804855745482
Sri Lanka,2014,0.3799485574515461
Azerbaijan,2002,0.3790238346501292
Bangladesh,1998,0.378286021411587
Lithuania,2018,0.3778510908185152
Malta,2014,0.3768247614895668
Faroe Islands,2006,0.3767982845732569
Bangladesh,2018,0.37628082110415884
Yemen,2006,0.3741993238569486
Cuba,2018,0.3726271911755476
Maldives,2002,0.3706324177635542
Albania,1998,0.36685713340443515
Bahamas,2002,0.366261841589163
Belarus,1998,0.3630203176831842
British Virgin Islands,2006,0.36180720951312784
Namibia,2006,0.3593022935116968
Chad,2014,0.359106854110252
Mauritania,2010,0.35736944866166487
Puerto Rico,1998,0.3562582470306321
Yemen,2014,0.3556517382506258
Niger,2010,0.35371347214479903
Madagascar,1998,0.3536343560472443
Bangladesh,1994,0.3507591205359272
Macau,2006,0.35035750519132935
Guinea-Bissau,2006,0.3486401691669008
India,1994,0.34768853091120927
Comoros,2010,0.3475484580847226
Azerbaijan,2006,0.3465102049617047
Moldova,2018,0.345503087717816
Mauritania,1994,0.34273543604622514
Cambodia,2014,0.34126182584101145
Sudan,2018,0.33936211973396324
Macau,1998,0.3387687508142688
Malta,2006,0.33537977595017443
Oman,1994,0.3339971785801822
Mauritius,2018,0.33375181853012215
Palestine,2006,0.33337946614037894
Malta,1994,0.3332271508457146
Anguilla,2002,0.33183632529711776
Sierra Leone,2010,0.3316414099115939
Pakistan,2018,0.33066686787216054
Central African Republic,2006,0.3295798976062396
Aruba,1998,0.3295798976062396
Luxembourg,2018,0.32669528807686204
Cayman Islands,2006,0.3266934099159768
Northern Ireland,2014,0.32585698412998776
Cook Islands,2014,0.32498498061628395
Faroe Islands,1998,0.32429416107309594
Seychelles,2006,0.3228650308234379
Eritrea,2006,0.3220228866373522
Cyprus,2014,0.32068807399183713
Madagascar,2014,0.3203093494789916
Dominican Republic,2010,0.31997305976431784
Cayman Islands,2014,0.3191558175250199
Guyana,1998,0.3152847199978576
Samoa,2014,0.3141446899193781
Nicaragua,2010,0.3125099370661734
Afghanistan,2010,0.3122928571570437
Faroe Islands,1994,0.311462194079289
Botswana,1994,0.3112514337000486
Pakistan,1998,0.30985951875060186
Moldova,1998,0.30980937129054614
Panama,1994,0.3085002776986222
Luxembourg,2014,0.3083141179050234
Indonesia,1994,0.3066016024937228
Belize,2018,0.3065674797858779
Cook Islands,2002,0.3036514906482983
Swaziland,1998,0.30309259203768096
Armenia,1998,0.299708983213184
Estonia,1998,0.2996966360289074
Liechtenstein,2006,0.2988915899223774
Central African Republic,2010,0.2986429099415233
Rwanda,1998,0.2970110734037269
Albania,1994,0.29536919951880036
Nepal,2006,0.29346379379804594
Liberia,2006,0.2907512153924868
Montserrat,2014,0.28992198767626215
Macau,2010,0.2899113628416668
Chad,1994,0.28958108540061306
Mauritius,2014,0.28877322342389017
Faroe Islands,2002,0.28698958492712795
Sri Lanka,2018,0.28210029699343675
Eritrea,2002,0.28210029699343675
Mauritius,1998,0.2807997669757888
Belize,2010,0.28005656105583276
Cayman Islands,2010,0.2780512279215555
Tahiti,2010,0.2768119567344967
Cayman Islands,1994,0.2735738177053496
Seychelles,2014,0.2732073500142333
Malta,2002,0.2720986068698328
Bhutan,2010,0.2718358849071778
Central African Republic,1994,0.2712955946848492
Papua New Guinea,2002,0.2707794167288413
Mauritania,2002,0.2639547999107729
British Virgin Islands,1998,0.26336457365143573
Bhutan,2006,0.25902879033921783
Somalia,1998,0.2575480304427453
Dominica,2010,0.2565478854615263
Liechtenstein,2014,0.2558376644911471
Malta,2010,0.25452718233224286
Central African Republic,1998,0.253853105391662
Macau,2014,0.2493165532746727
Estonia,1994,0.24471814814228807
Mauritania,2006,0.24467111083975662
Laos,2006,0.24339870675786462
Azerbaijan,1998,0.24323820106186292
Seychelles,2002,0.2430009007129172
Luxembourg,1998,0.24195318401807075
Equatorial Guinea,2002,0.2401293216454819
Laos,2002,0.2393059921350827
Afghanistan,2006,0.23696485494083097
Vietnam,1994,0.23600400534060145
Malta,1998,0.2344027130174277
Venezuela,1998,0.23392590658014234
Equatorial Guinea,1994,0.23385036354286146
Benin,1994,0.23367738604862803
Seychelles,2018,0.23060543823176366
Botswana,1998,0.22974179653624266
Papua New Guinea,2010,0.2289051848506153
Somalia,2006,0.22881085252915573
British Virgin Islands,2014,0.22721372212491972
Venezuela,1994,0.22585303383931798
Anguilla,2014,0.22373892213050917
Luxembourg,2010,0.22144887917698686
Liberia,1994,0.2207229852946117
Bhutan,2018,0.22054603842453635
Philippines,2006,0.22026712108803645
Kazakhstan,2006,0.21880940761886764
Seychelles,1998,0.21572814461815185
Seychelles,1994,0.2157281446181518
Cambodia,2002,0.21409370881925044
Somalia,2010,0.2124862073999715
American Samoa,2014,0.20943639055491442
Swaziland,2014,0.20866455721200802
Belize,1998,0.2085696909075988
Cook Islands,1998,0.20304588967395296
Malta,2018,0.20115660623061912
Macau,1994,0.19627486148946746
Cambodia,2006,0.19555303493863965
Bahamas,2006,0.19513069049545237
Faroe Islands,2010,0.1945469370613156
Liechtenstein,2018,0.1934263195386593
Puerto Rico,2002,0.18849968602791817
Mauritius,2010,0.1883394523330862
South Sudan,2014,0.18805446783579252
Eritrea,2014,0.18387675081532256
Andorra,2006,0.18268420198683677
Liechtenstein,2010,0.18161330123298905
Faroe Islands,2014,0.18064637324738103
Comoros,2014,0.17984571272979893
Nepal,1998,0.17806595425606256
Luxembourg,1994,0.17425743982229705
Puerto Rico,2006,0.17360732601930537
Philippines,2002,0.17223086526281128
Djibouti,2002,0.1713220145473422
Anguilla,2006,0.1702201821044594
Macau,2002,0.16889448180500186
Maldives,1998,0.1677156829497425
Andorra,2002,0.16588416030526149
Djibouti,1998,0.1655707250530601
Libya,1994,0.16412460220366532
Andorra,1998,0.16318714074751173
Djibouti,2010,0.16224045453529326
Montserrat,2002,0.1620440594703283
Gibraltar,2018,0.15944630006867266
Aruba,1994,0.15879459926744682
Aruba,2010,0.15879459926744682
Eritrea,2018,0.15879459926744682
Djibouti,2018,0.15617741911474203
Namibia,1994,0.15083913318042866
Luxembourg,2006,0.14801053555789348
Anguilla,2010,0.14649327325655154
Andorra,2018,0.14070317155149092
Nicaragua,1994,0.1398212838582262
Montserrat,2006,0.1398212838582262
Montserrat,2010,0.1398212838582262
Luxembourg,2002,0.1382066723732999
Nicaragua,1998,0.1375137750560124
San Marino,2006,0.1373455181674987
Bhutan,2014,0.13642577751886842
Aruba,2006,0.13339663703957505
Tonga,2018,0.13067794032501953
Turks and Caicos Islands,2002,0.13016732139069842
Liechtenstein,2002,0.12893406992996723
Mongolia,2002,0.12869586410093042
Djibouti,2014,0.12822453416041363
Djibouti,2006,0.12822453416041363
Pakistan,2002,0.12701152413588365
Anguilla,1998,0.12496306284755333
Cambodia,1998,0.11854910183178304
Liechtenstein,1994,0.1173984646307875
Andorra,2010,0.11574901316362278
Nicaragua,2002,0.11480545878028064
British Virgin Islands,2018,0.11480545878028064
Cook Islands,2006,0.11386774261951121
Bhutan,2002,0.11058028289319674
San Marino,2002,0.10644912132101929
Liechtenstein,1998,0.10392891701530428
Somalia,2002,0.10372700631333692
American Samoa,2002,0.10298130215833302
American Samoa,2006,0.10247750599024409
Somalia,2014,0.10176305557698424
Andorra,2014,0.101566328397135
San Marino,1994,0.09835724059632568
Pakistan,1994,0.09546255256427999
San Marino,2018,0.0938550505527408
San Marino,2010,0.09378819465529625
American Samoa,2010,0.09300632288649441
San Marino,2014,0.09279977369072072
San Marino,1998,0.09269907308376056
Philippines,1998,0.09070079887865838
Guam,2006,0.08718573050291527
Anguilla,2018,0.08068269536264419
Bahamas,2018,0.08068269536264419
Sri Lanka,1994,0.08068269536264419
Guam,1998,0.08068269536264419
Somalia,2018,0.08068269536264419
Turks and Caicos Islands,2006,0.08068269536264419
Turks and Caicos Islands,2014,0.08068269536264419
Cayman Islands,2018,0.08068269536264419
